<?xml version="1.0" encoding="UTF-8" standalone='yes'?>
<jpsConfig xmlns="http://xmlns.oracle.com/oracleas/schema/11/jps-config-11_1.xsd"
           xmlns:xsi="http://www.w3.org/2001/XMLSchema-instance"
           xsi:schemaLocation="http://xmlns.oracle.com/oracleas/schema/11/jps-config-11_1.xsd jps-config-11_1.xsd" schema-major-version="11"
           schema-minor-version="1">
    <serviceProviders>
        <serviceProvider type="CREDENTIAL_STORE" name="credstoressp"
                         class="oracle.security.jps.internal.credstore.ssp.SspCredentialStoreProvider">
            <description>SecretStore-based CSF provider</description>
        </serviceProvider>
    </serviceProviders>

    <serviceInstances>
        <serviceInstance name="credstore" provider="credstoressp" location="./">
            <description>File Based Credential Store Service Instance</description>
        </serviceInstance>
    </serviceInstances>

    <jpsContexts default="Employee">
        <jpsContext name="Employee">
            <serviceInstanceRef ref="credstore"/>
        </jpsContext>
    </jpsContexts>
</jpsConfig>