<?xml version = '1.0' encoding = 'UTF-8'?>
<JavaBean version="1.3" id="WeatherDescription" Package="wsdlstructure.Weather.GetWeatherInformation.GetWeatherInformationResult" BeanClass="wsdlstructure.Weather.GetWeatherInformation.GetWeatherInformationResult.WeatherDescription" isJavaBased="false" xmlns="http://xmlns.oracle.com/adfm/beanmodel">
   <Attribute Name="WeatherID" IsUpdateable="0" IsNotNull="true" Type="java.lang.Short">
      <Properties>
         <CustomProperties>
            <Property Name="PrimaryKey" Value="false"/>
         </CustomProperties>
      </Properties>
   </Attribute>
   <Attribute Name="Description" IsUpdateable="0" IsNotNull="false" Type="java.lang.String">
      <Properties>
         <CustomProperties>
            <Property Name="PrimaryKey" Value="false"/>
         </CustomProperties>
      </Properties>
   </Attribute>
   <Attribute Name="PictureURL" IsUpdateable="0" IsNotNull="false" Type="java.lang.String">
      <Properties>
         <CustomProperties>
            <Property Name="PrimaryKey" Value="false"/>
         </CustomProperties>
      </Properties>
   </Attribute>
</JavaBean>