<?xml version="1.0" encoding="UTF-8"?>
<faces-config xmlns="http://xmlns.jcp.org/xml/ns/javaee"
	xmlns:xsi="http://www.w3.org/2001/XMLSchema-instance"
	xsi:schemaLocation="http://xmlns.jcp.org/xml/ns/javaee http://xmlns.jcp.org/xml/ns/javaee/web-facesconfig_2_2.xsd"
	version="2.2">
<!--  EJEMPLO DE DEFINICION DE MANAGEDBEAN EN FICHERO DE CONFIGURACION 
	<managed-bean>
		<managed-bean-name>usuarios_bean</managed-bean-name>
		<managed-bean-class>com.managedbean.DataTable_Bean</managed-bean-class>
		<managed-bean-scope>view</managed-bean-scope>
		<managed-property>
			<property-name>usuario_fachada</property-name>
			<value>#{fachada_usuarios}</value>
		</managed-property>
	</managed-bean>
-->
</faces-config>
