<?xml version = '1.0' encoding = 'UTF-8'?>
<pageDefinition version="1.3" id="GetWeatherPageDef" Package="mobile.pageDefs" xmlns="http://xmlns.oracle.com/adfm/uimodel">
   <parameters/>
   <executables>
      <variableIterator id="variables">
         <variable Type="java.lang.String" Name="GetCityWeatherByZIP_ZIP" IsQueriable="false"/>
      </variableIterator>
      <methodIterator Binds="GetCityWeatherByZIP.result" DataControl="Weather" RangeSize="25" BeanClass="wsdlstructure.Weather.GetCityWeatherByZIP" id="GetCityWeatherByZIPIterator"/>
      <accessorIterator MasterBinding="GetCityWeatherByZIPIterator" Binds="GetCityWeatherByZIPResult" RangeSize="25" DataControl="Weather" BeanClass="wsdlstructure.Weather.GetCityWeatherByZIP.GetCityWeatherByZIPResult" id="GetCityWeatherByZIPResultIterator"/>
   </executables>
   <bindings>
      <methodAction id="GetCityWeatherByZIP" RequiresUpdateModel="true" Action="invokeMethod" MethodName="GetCityWeatherByZIP" IsViewObjectMethod="false" DataControl="Weather" InstanceName="data.Weather" ReturnName="data.Weather.methodResults.GetCityWeatherByZIP_Weather_GetCityWeatherByZIP_result">
         <NamedData NDName="ZIP" NDType="java.lang.String" NDValue="${bindings.GetCityWeatherByZIP_ZIP}"/>
      </methodAction>
      <attributeValues IterBinding="variables" id="ZIP">
         <AttrNames>
            <Item Value="GetCityWeatherByZIP_ZIP"/>
         </AttrNames>
      </attributeValues>
      <attributeValues IterBinding="GetCityWeatherByZIPResultIterator" id="City">
         <AttrNames>
            <Item Value="City"/>
         </AttrNames>
      </attributeValues>
      <attributeValues IterBinding="GetCityWeatherByZIPResultIterator" id="Temperature">
         <AttrNames>
            <Item Value="Temperature"/>
         </AttrNames>
      </attributeValues>
      <attributeValues IterBinding="GetCityWeatherByZIPResultIterator" id="RelativeHumidity">
         <AttrNames>
            <Item Value="RelativeHumidity"/>
         </AttrNames>
      </attributeValues>
      <attributeValues IterBinding="GetCityWeatherByZIPResultIterator" id="Wind">
         <AttrNames>
            <Item Value="Wind"/>
         </AttrNames>
      </attributeValues>
   </bindings>
</pageDefinition>