<?xml version = '1.0' encoding = 'UTF-8'?>
<pageDefinition version="1.3" id="graphPageDef" Package="mobile.pageDefs" xmlns="http://xmlns.oracle.com/adfm/uimodel">
   <parameters/>
   <executables>
      <variableIterator id="variables"/>
      <iterator Binds="root" RangeSize="25" DataControl="EmployeeService" id="EmployeeServiceIterator"/>
      <accessorIterator MasterBinding="EmployeeServiceIterator" Binds="employees" RangeSize="-1" DataControl="EmployeeService" BeanClass="model.Employee" id="employeesIterator"/>
   </executables>
   <bindings>
      <tree IterBinding="employeesIterator" id="employees">
         <nodeDefinition DefName="model.Employee" Name="employees0">
            <AttrNames>
               <Item Value="salary"/>
               <Item Value="name"/>
            </AttrNames>
         </nodeDefinition>
      </tree>
   </bindings>
</pageDefinition>