<?xml version = '1.0' encoding = 'UTF-8'?>
<JavaBean version="1.3" id="Forecast" Package="wsdlstructure.Weather.GetCityForecastByZIP.GetCityForecastByZIPResult.ForecastResult" BeanClass="wsdlstructure.Weather.GetCityForecastByZIP.GetCityForecastByZIPResult.ForecastResult.Forecast" isJavaBased="false" xmlns="http://xmlns.oracle.com/adfm/beanmodel">
   <Attribute Name="Date" IsUpdateable="0" IsNotNull="true" Type="java.sql.Date">
      <Properties>
         <CustomProperties>
            <Property Name="PrimaryKey" Value="false"/>
         </CustomProperties>
      </Properties>
   </Attribute>
   <Attribute Name="WeatherID" IsUpdateable="0" IsNotNull="true" Type="java.lang.Short">
      <Properties>
         <CustomProperties>
            <Property Name="PrimaryKey" Value="false"/>
         </CustomProperties>
      </Properties>
   </Attribute>
   <Attribute Name="Desciption" IsUpdateable="0" IsNotNull="false" Type="java.lang.String">
      <Properties>
         <CustomProperties>
            <Property Name="PrimaryKey" Value="false"/>
         </CustomProperties>
      </Properties>
   </Attribute>
   <AccessorAttribute id="Temperatures" IsCollection="false" BeanClass="wsdlstructure.Weather.GetCityForecastByZIP.GetCityForecastByZIPResult.ForecastResult.Forecast.Temperatures"/>
   <AccessorAttribute id="ProbabilityOfPrecipiation" IsCollection="false" BeanClass="wsdlstructure.Weather.GetCityForecastByZIP.GetCityForecastByZIPResult.ForecastResult.Forecast.ProbabilityOfPrecipiation"/>
</JavaBean>