<?xml version = '1.0' encoding = 'UTF-8'?>
<JavaBean version="1.3" id="ProbabilityOfPrecipiation" Package="wsdlstructure.Weather.GetCityForecastByZIP.GetCityForecastByZIPResult.ForecastResult.Forecast" BeanClass="wsdlstructure.Weather.GetCityForecastByZIP.GetCityForecastByZIPResult.ForecastResult.Forecast.ProbabilityOfPrecipiation" isJavaBased="false" xmlns="http://xmlns.oracle.com/adfm/beanmodel">
   <Attribute Name="Nighttime" IsUpdateable="0" IsNotNull="false" Type="java.lang.String">
      <Properties>
         <CustomProperties>
            <Property Name="PrimaryKey" Value="false"/>
         </CustomProperties>
      </Properties>
   </Attribute>
   <Attribute Name="Daytime" IsUpdateable="0" IsNotNull="false" Type="java.lang.String">
      <Properties>
         <CustomProperties>
            <Property Name="PrimaryKey" Value="false"/>
         </CustomProperties>
      </Properties>
   </Attribute>
</JavaBean>