<?xml version = '1.0' encoding = 'UTF-8'?>
<JavaBean version="1.3" id="Temperatures" Package="wsdlstructure.Weather.GetCityForecastByZIP.GetCityForecastByZIPResult.ForecastResult.Forecast" BeanClass="wsdlstructure.Weather.GetCityForecastByZIP.GetCityForecastByZIPResult.ForecastResult.Forecast.Temperatures" isJavaBased="false" xmlns="http://xmlns.oracle.com/adfm/beanmodel">
   <Attribute Name="MorningLow" IsUpdateable="0" IsNotNull="false" Type="java.lang.String">
      <Properties>
         <CustomProperties>
            <Property Name="PrimaryKey" Value="false"/>
         </CustomProperties>
      </Properties>
   </Attribute>
   <Attribute Name="DaytimeHigh" IsUpdateable="0" IsNotNull="false" Type="java.lang.String">
      <Properties>
         <CustomProperties>
            <Property Name="PrimaryKey" Value="false"/>
         </CustomProperties>
      </Properties>
   </Attribute>
</JavaBean>