<?xml version="1.0" encoding="UTF-8"?>
<web-app xmlns:xsi="http://www.w3.org/2001/XMLSchema-instance"
	xmlns="http://xmlns.jcp.org/xml/ns/javaee"
	xsi:schemaLocation="http://xmlns.jcp.org/xml/ns/javaee http://xmlns.jcp.org/xml/ns/javaee/web-app_3_1.xsd"
	id="WebApp_ID" version="3.1">

	<!-- FICHERO DE CONFIGURACION DE SERVICIO REST -->
	<!-- ****** AUTOR: JUAN ANTONIO SOLVES GARCIA ****** -->
	<!-- ****** VERSION: 1.8 ****** -->

	<!-- CONTROLADOR DE LAS PETICIONES DE CLIENTES -->
	<servlet>
		<description>JAX-RS Tools Generated - Do not modify</description>
		<servlet-name>JAX-RS-Servlet</servlet-name>
		<servlet-class>org.glassfish.jersey.servlet.ServletContainer</servlet-class>
		<!-- PARAMETRO INDICATIVO DE LOS SERVICIOS A EJECUTAR -->
		<init-param>
			<param-name>javax.ws.rs.Application</param-name>
			<param-value>com.configuracionrest.Configuracion_Rest</param-value>
		</init-param>
	</servlet>
	<!-- URL A ATENDER POR EL CONTROLADOR -->
	<servlet-mapping>
		<servlet-name>JAX-RS-Servlet</servlet-name>
		<url-pattern>/jaxrs/*</url-pattern>
	</servlet-mapping>
	<!-- FIN CONTROLADOR -->
</web-app>