<?xml version = '1.0' encoding = 'UTF-8'?>
<JavaBean version="1.3" id="GetCityForecastByZIPResult" Package="wsdlstructure.Weather.GetCityForecastByZIP" BeanClass="wsdlstructure.Weather.GetCityForecastByZIP.GetCityForecastByZIPResult" isJavaBased="false" xmlns="http://xmlns.oracle.com/adfm/beanmodel">
   <Attribute Name="Success" IsUpdateable="0" IsNotNull="true" Type="java.lang.Boolean">
      <Properties>
         <CustomProperties>
            <Property Name="PrimaryKey" Value="false"/>
         </CustomProperties>
      </Properties>
   </Attribute>
   <Attribute Name="ResponseText" IsUpdateable="0" IsNotNull="false" Type="java.lang.String">
      <Properties>
         <CustomProperties>
            <Property Name="PrimaryKey" Value="false"/>
         </CustomProperties>
      </Properties>
   </Attribute>
   <Attribute Name="State" IsUpdateable="0" IsNotNull="false" Type="java.lang.String">
      <Properties>
         <CustomProperties>
            <Property Name="PrimaryKey" Value="false"/>
         </CustomProperties>
      </Properties>
   </Attribute>
   <Attribute Name="City" IsUpdateable="0" IsNotNull="false" Type="java.lang.String">
      <Properties>
         <CustomProperties>
            <Property Name="PrimaryKey" Value="false"/>
         </CustomProperties>
      </Properties>
   </Attribute>
   <Attribute Name="WeatherStationCity" IsUpdateable="0" IsNotNull="false" Type="java.lang.String">
      <Properties>
         <CustomProperties>
            <Property Name="PrimaryKey" Value="false"/>
         </CustomProperties>
      </Properties>
   </Attribute>
   <AccessorAttribute id="ForecastResult" IsCollection="false" BeanClass="wsdlstructure.Weather.GetCityForecastByZIP.GetCityForecastByZIPResult.ForecastResult"/>
</JavaBean>